epoch,time,train/box_loss,train/cls_loss,train/dfl_loss,train/angle_loss,metrics/precision(B),metrics/recall(B),metrics/mAP50(B),metrics/mAP50-95(B),val/box_loss,val/cls_loss,val/dfl_loss,val/angle_loss,lr/pg0,lr/pg1,lr/pg2
1,12.4405,2.43212,2.68076,2.50867,0.1747,0.21974,0.08824,0.05359,0.01051,3.73243,3.0702,3.66526,0.14124,0.00325203,0.00325203,0.0707317
2,31.1328,2.10768,1.92147,2.09696,0.08743,0.00074,0.05882,0.00014,3e-05,3.29223,inf,3.8249,0.10718,0.00652017,0.00652017,0.0406665
3,41.4211,2.0197,1.79195,2.02948,0.0801,0.31579,0.2,0.16469,0.07296,2.2287,3.44785,2.38172,0.1255,0.00972231,0.00972231,0.0105353
4,51.4373,1.93663,1.73982,1.96407,0.06877,0.05664,0.10588,0.01312,0.0028,3.36085,5.09784,4.52224,0.22139,0.009703,0.009703,0.009703
5,64.0351,1.90468,1.81192,1.99045,0.06544,0.1584,0.05882,0.02579,0.01256,2.8825,22.2659,3.73447,0.0134,0.009604,0.009604,0.009604
6,73.7937,1.89814,1.58448,1.96349,0.07408,0.41048,0.55294,0.38345,0.14414,2.14553,2.6469,2.46172,0.03746,0.009505,0.009505,0.009505
7,83.8951,1.77697,1.49468,1.85204,0.06516,0.7117,0.77647,0.72727,0.38999,1.52686,1.37948,1.89889,0.01932,0.009406,0.009406,0.009406
8,93.8583,1.7396,1.48294,1.85699,0.06285,0.67691,0.74706,0.73347,0.32363,1.64907,1.84871,1.95132,0.0293,0.009307,0.009307,0.009307
9,103.906,1.77267,1.45236,1.85361,0.0595,0.5886,0.66487,0.64775,0.32112,1.57487,1.84398,1.95413,0.02195,0.009208,0.009208,0.009208
10,113.76,1.68441,1.42286,1.81864,0.05777,0.71364,0.78824,0.76753,0.41821,1.57595,1.54288,1.93584,0.01432,0.009109,0.009109,0.009109
11,123.691,1.694,1.41144,1.8448,0.06292,0.80466,0.78235,0.77205,0.42101,1.49199,1.31448,1.87903,0.02028,0.00901,0.00901,0.00901
12,133.811,1.68055,1.38013,1.80925,0.0585,0.8147,0.78824,0.81266,0.46513,1.447,1.10496,1.78403,0.02234,0.008911,0.008911,0.008911
13,143.856,1.67997,1.33755,1.75044,0.05405,0.73045,0.7,0.7309,0.2869,1.96349,1.5089,2.23809,0.0402,0.008812,0.008812,0.008812
14,153.754,1.70469,1.43878,1.81574,0.05937,0.73377,0.74577,0.7519,0.37683,1.61395,1.3332,2.00922,0.01641,0.008713,0.008713,0.008713
15,163.604,1.64467,1.30483,1.74685,0.05401,0.77558,0.83529,0.82213,0.49259,1.45422,1.09995,1.82179,0.01463,0.008614,0.008614,0.008614
16,173.549,1.55299,1.20228,1.6902,0.04789,0.8221,0.82353,0.83952,0.4865,1.4557,1.01002,1.75658,0.02682,0.008515,0.008515,0.008515
17,183.416,1.58461,1.23683,1.70193,0.05317,0.75908,0.74118,0.77771,0.43212,1.47568,1.23386,1.78197,0.01542,0.008416,0.008416,0.008416
18,193.258,1.55787,1.17708,1.67177,0.05055,0.82516,0.84118,0.84438,0.49074,1.37753,0.98184,1.70557,0.01736,0.008317,0.008317,0.008317
19,203.175,1.5316,1.19941,1.72249,0.04654,0.81069,0.85882,0.85832,0.42212,1.64567,1.05169,1.8523,0.04341,0.008218,0.008218,0.008218
20,213.075,1.50959,1.18243,1.69678,0.04603,0.7391,0.78235,0.78541,0.42887,1.52732,1.10568,1.82604,0.02852,0.008119,0.008119,0.008119
21,222.988,1.51748,1.14368,1.69538,0.04753,0.8185,0.8754,0.85927,0.51903,1.35383,0.9635,1.74319,0.01531,0.00802,0.00802,0.00802
22,233.075,1.46083,1.15682,1.69722,0.04118,0.7734,0.87647,0.85601,0.51343,1.28182,0.98246,1.70775,0.01591,0.007921,0.007921,0.007921
23,243.019,1.47776,1.15314,1.6842,0.04212,0.83434,0.85915,0.88644,0.51707,1.40309,0.9935,1.77334,0.01746,0.007822,0.007822,0.007822
24,252.825,1.43124,1.10846,1.65506,0.04032,0.77101,0.85294,0.82823,0.48734,1.38839,0.97976,1.74634,0.02136,0.007723,0.007723,0.007723
25,262.486,1.44717,1.11742,1.62551,0.03573,0.71796,0.78824,0.76482,0.41401,1.53953,1.26903,1.83069,0.02862,0.007624,0.007624,0.007624
26,274.35,1.44927,1.10466,1.62716,0.03592,0.77531,0.85882,0.84237,0.49462,1.35082,0.9824,1.69654,0.02353,0.007525,0.007525,0.007525
27,283.965,1.40708,1.07503,1.6118,0.03607,0.81008,0.85307,0.8645,0.52666,1.29888,0.90794,1.63501,0.02205,0.007426,0.007426,0.007426
28,293.78,1.46071,1.1161,1.65187,0.03513,0.78365,0.87356,0.84048,0.501,1.36061,0.96157,1.72306,0.02211,0.007327,0.007327,0.007327
29,303.237,1.42062,1.0588,1.61664,0.0352,0.80054,0.88235,0.87898,0.48354,1.50698,0.97069,1.74381,0.03232,0.007228,0.007228,0.007228
30,312.786,1.34609,1.02054,1.58965,0.0359,0.82923,0.92353,0.89073,0.56326,1.31014,0.8291,1.65773,0.01856,0.007129,0.007129,0.007129
31,322.567,1.40023,1.05782,1.59844,0.03624,0.79116,0.87647,0.86551,0.53994,1.32017,0.84636,1.66966,0.01972,0.00703,0.00703,0.00703
32,332.464,1.38599,1.01341,1.59673,0.03406,0.79616,0.85882,0.83394,0.54104,1.25937,0.88422,1.66447,0.01809,0.006931,0.006931,0.006931
33,341.909,1.34368,1.0686,1.631,0.02798,0.84278,0.85882,0.87625,0.52698,1.35132,0.8619,1.71682,0.02237,0.006832,0.006832,0.006832
34,351.366,1.38123,1.0525,1.57952,0.02738,0.81863,0.92927,0.85624,0.56036,1.22817,0.8444,1.60909,0.01414,0.006733,0.006733,0.006733
35,360.805,1.39841,1.02963,1.61101,0.0316,0.82663,0.92557,0.89421,0.53917,1.29424,0.84171,1.61047,0.02375,0.006634,0.006634,0.006634
36,370.332,1.35669,1.02716,1.57949,0.02569,0.76413,0.87662,0.86981,0.51034,1.41174,0.94173,1.71446,0.02786,0.006535,0.006535,0.006535
37,383.91,1.32409,0.97553,1.58455,0.02789,0.83298,0.90945,0.90917,0.59503,1.19903,0.78694,1.584,0.02325,0.006436,0.006436,0.006436
38,393.723,1.29336,0.96909,1.5354,0.0263,0.82945,0.87647,0.88118,0.57523,1.21079,0.85458,1.63056,0.01345,0.006337,0.006337,0.006337
39,403.108,1.34756,0.95077,1.55398,0.0292,0.75625,0.86471,0.84742,0.54449,1.23066,0.94963,1.65726,0.0111,0.006238,0.006238,0.006238
40,412.852,1.28976,0.95713,1.54943,0.0236,0.82432,0.91086,0.90209,0.59026,1.22792,0.77321,1.65917,0.02164,0.006139,0.006139,0.006139
41,422.381,1.27406,0.94634,1.56823,0.02418,0.82427,0.88292,0.8862,0.56334,1.20704,0.83842,1.6068,0.0224,0.00604,0.00604,0.00604
42,432.184,1.29715,0.95931,1.56569,0.0231,0.82194,0.91765,0.89652,0.56013,1.21686,0.79663,1.64325,0.01547,0.005941,0.005941,0.005941
43,442.907,1.27325,0.97421,1.54274,0.02299,0.83177,0.88235,0.88967,0.59769,1.15367,0.7932,1.59169,0.01585,0.005842,0.005842,0.005842
44,452.674,1.23954,0.94887,1.53966,0.02158,0.80475,0.91176,0.89554,0.59277,1.18317,0.76048,1.58729,0.01956,0.005743,0.005743,0.005743
45,462.254,1.23346,0.92396,1.49294,0.01955,0.84144,0.85882,0.89428,0.59589,1.19397,0.78856,1.56758,0.02191,0.005644,0.005644,0.005644
46,471.846,1.20546,0.93733,1.47886,0.01811,0.83901,0.90588,0.92955,0.60736,1.14544,0.74153,1.54913,0.01644,0.005545,0.005545,0.005545
47,481.306,1.22537,0.93518,1.51326,0.0183,0.85169,0.9,0.89983,0.59085,1.16542,0.78027,1.58681,0.01092,0.005446,0.005446,0.005446
48,490.719,1.22616,0.90136,1.50343,0.01942,0.80542,0.94706,0.91467,0.60483,1.15188,0.73901,1.5908,0.01679,0.005347,0.005347,0.005347
49,500.003,1.2214,0.91479,1.50173,0.01961,0.82971,0.9,0.88092,0.59111,1.13484,0.82346,1.58611,0.01048,0.005248,0.005248,0.005248
50,509.443,1.22586,0.93269,1.50614,0.01826,0.78477,0.91765,0.88401,0.58611,1.20924,0.84253,1.5628,0.02014,0.005149,0.005149,0.005149
51,518.857,1.18978,0.85624,1.46262,0.01861,0.82068,0.91176,0.90027,0.63303,1.08198,0.72044,1.51837,0.0111,0.00505,0.00505,0.00505
52,531.993,1.1755,0.86941,1.50072,0.01706,0.83438,0.88824,0.8992,0.54509,1.37048,0.78548,1.68335,0.03374,0.004951,0.004951,0.004951
53,547.928,1.16704,0.87568,1.46449,0.01763,0.83144,0.91765,0.91156,0.62042,1.11084,0.71967,1.56326,0.00904,0.004852,0.004852,0.004852
54,557.747,1.17432,0.88583,1.46708,0.01591,0.80354,0.93832,0.90806,0.59988,1.16216,0.74633,1.59878,0.0117,0.004753,0.004753,0.004753
55,567.257,1.18261,0.87636,1.48208,0.01708,0.80751,0.88824,0.90596,0.61774,1.15094,0.78182,1.58349,0.01346,0.004654,0.004654,0.004654
56,581.868,1.19482,0.89862,1.51073,0.01959,0.81797,0.91765,0.89239,0.62282,1.10832,0.75149,1.554,0.00989,0.004555,0.004555,0.004555
57,598.245,1.14958,0.85163,1.4355,0.01807,0.79709,0.94739,0.90264,0.61334,1.13522,0.70553,1.59486,0.01,0.004456,0.004456,0.004456
58,615.427,1.18578,0.87768,1.44933,0.01885,0.80423,0.94244,0.90639,0.59422,1.18398,0.72855,1.61417,0.00792,0.004357,0.004357,0.004357
59,631.338,1.14862,0.83528,1.46111,0.01583,0.84596,0.94118,0.90597,0.61587,1.14121,0.70784,1.58252,0.01133,0.004258,0.004258,0.004258
60,647.291,1.16865,0.86384,1.44985,0.01477,0.8102,0.94118,0.92079,0.6238,1.12454,0.7087,1.55799,0.00974,0.004159,0.004159,0.004159
61,664.045,1.19677,0.87935,1.48561,0.01759,0.83892,0.93529,0.91796,0.65312,1.06867,0.6919,1.56459,0.00908,0.00406,0.00406,0.00406
62,680.546,1.15804,0.84357,1.4737,0.01716,0.81536,0.93516,0.9069,0.59215,1.2014,0.74488,1.57448,0.01797,0.003961,0.003961,0.003961
63,696.7,1.15832,0.85209,1.44147,0.01496,0.81363,0.89412,0.88375,0.5234,1.39306,0.85398,1.69981,0.03879,0.003862,0.003862,0.003862
64,708.937,1.11961,0.81378,1.45536,0.01355,0.82019,0.92353,0.90949,0.6488,1.06561,0.70848,1.51647,0.0083,0.003763,0.003763,0.003763
65,718.333,1.10382,0.80133,1.43652,0.01425,0.82676,0.95446,0.91631,0.63376,1.12112,0.6926,1.56765,0.00913,0.003664,0.003664,0.003664
66,727.859,1.11504,0.8283,1.43477,0.01553,0.83486,0.92187,0.90927,0.6296,1.08679,0.72967,1.54955,0.00756,0.003565,0.003565,0.003565
67,737.398,1.08519,0.80281,1.42175,0.01465,0.81488,0.93529,0.9177,0.64969,1.04767,0.67395,1.50432,0.00959,0.003466,0.003466,0.003466
68,746.714,1.10638,0.79415,1.42046,0.01354,0.82704,0.95637,0.92798,0.64987,1.02241,0.66341,1.48761,0.00832,0.003367,0.003367,0.003367
69,756.124,1.0905,0.80661,1.39866,0.01184,0.82343,0.96012,0.91631,0.63254,1.06659,0.66872,1.55625,0.00745,0.003268,0.003268,0.003268
70,765.481,1.07549,0.78336,1.40844,0.01303,0.84225,0.94118,0.91497,0.63614,1.07486,0.66123,1.52003,0.01084,0.003169,0.003169,0.003169
71,774.835,1.05524,0.80165,1.38798,0.01342,0.83964,0.92402,0.92141,0.63454,1.05596,0.68075,1.53161,0.00736,0.00307,0.00307,0.00307
72,784.282,1.06418,0.76341,1.40944,0.01401,0.85698,0.92941,0.92904,0.64459,1.08818,0.68013,1.51458,0.01266,0.002971,0.002971,0.002971
73,793.637,1.06588,0.79706,1.39813,0.01357,0.85525,0.93838,0.91898,0.65564,1.02417,0.66898,1.51254,0.00686,0.002872,0.002872,0.002872
74,802.997,1.06524,0.7598,1.40456,0.01501,0.82468,0.94118,0.92083,0.65541,1.0277,0.66172,1.52273,0.0106,0.002773,0.002773,0.002773
75,812.285,1.06486,0.77853,1.41622,0.0127,0.86827,0.92353,0.91719,0.64972,1.04278,0.66321,1.52636,0.00914,0.002674,0.002674,0.002674
76,821.74,1.07315,0.75741,1.40087,0.01362,0.85818,0.94706,0.93582,0.67211,0.98895,0.63767,1.46782,0.00478,0.002575,0.002575,0.002575
77,833.608,1.01337,0.74019,1.33989,0.01173,0.86232,0.93529,0.91925,0.65782,1.01218,0.65215,1.49573,0.0044,0.002476,0.002476,0.002476
78,849.506,1.03061,0.78302,1.37535,0.01119,0.85721,0.95294,0.91266,0.64829,1.02239,0.65947,1.49525,0.00577,0.002377,0.002377,0.002377
79,864.852,0.98819,0.70091,1.35201,0.01079,0.84934,0.92852,0.91261,0.65234,0.99797,0.65498,1.49782,0.0056,0.002278,0.002278,0.002278
80,874.35,0.98246,0.72151,1.36587,0.00991,0.86674,0.93529,0.92952,0.65679,0.98362,0.6382,1.49656,0.00628,0.002179,0.002179,0.002179
81,883.666,1.01283,0.72886,1.33894,0.01123,0.84229,0.94706,0.91559,0.65427,0.99212,0.6534,1.49465,0.00546,0.00208,0.00208,0.00208
82,893.175,1.00898,0.73257,1.3661,0.01236,0.86067,0.92941,0.92793,0.6717,0.97779,0.65367,1.46746,0.00487,0.001981,0.001981,0.001981
83,902.729,1.0203,0.75576,1.37224,0.0124,0.86941,0.93529,0.92358,0.67019,1.0008,0.65778,1.49656,0.00701,0.001882,0.001882,0.001882
84,912.191,1.00892,0.75606,1.36682,0.01285,0.87267,0.92723,0.92651,0.65643,1.05373,0.64997,1.50732,0.01001,0.001783,0.001783,0.001783
85,921.659,1.03881,0.76393,1.33034,0.01226,0.84431,0.93529,0.91789,0.65639,1.0037,0.65698,1.50971,0.00562,0.001684,0.001684,0.001684
86,931.074,1.01703,0.74319,1.33894,0.01319,0.87176,0.91971,0.93529,0.67067,0.99396,0.62995,1.51927,0.00783,0.001585,0.001585,0.001585
87,940.623,1.01238,0.74666,1.35401,0.01124,0.85555,0.94118,0.92688,0.66545,0.9777,0.63733,1.47987,0.00411,0.001486,0.001486,0.001486
88,950.02,0.98853,0.71755,1.34576,0.01102,0.85929,0.94706,0.93497,0.67854,0.95018,0.61396,1.47573,0.00503,0.001387,0.001387,0.001387
89,959.552,0.98616,0.7407,1.33665,0.01123,0.87322,0.9319,0.926,0.66604,0.96737,0.63406,1.48108,0.00611,0.001288,0.001288,0.001288
90,968.891,0.95993,0.71544,1.31789,0.0102,0.83924,0.94706,0.92266,0.6654,0.98867,0.63365,1.48303,0.00493,0.001189,0.001189,0.001189
91,1005.88,0.84808,0.60653,1.33278,0.00698,0.85527,0.93858,0.92546,0.67493,0.99137,0.62791,1.48622,0.00547,0.00109,0.00109,0.00109
92,1015.39,0.8535,0.5857,1.32983,0.00731,0.84835,0.95428,0.93619,0.67982,0.96763,0.61213,1.47955,0.00458,0.000991,0.000991,0.000991
93,1024.94,0.83447,0.57627,1.30653,0.00704,0.86937,0.93959,0.92957,0.67128,0.98043,0.62195,1.47808,0.00756,0.000892,0.000892,0.000892
94,1034.4,0.82916,0.5724,1.30791,0.00641,0.87003,0.94505,0.93398,0.68094,0.95419,0.60981,1.48627,0.00436,0.000793,0.000793,0.000793
95,1043.79,0.82738,0.56131,1.33806,0.00692,0.85854,0.95294,0.93371,0.68292,0.96347,0.60683,1.49318,0.00494,0.000694,0.000694,0.000694
96,1053.26,0.83696,0.56347,1.32211,0.00585,0.8386,0.94749,0.93296,0.68258,0.95222,0.6075,1.47964,0.00384,0.000595,0.000595,0.000595
97,1062.54,0.82203,0.55385,1.32481,0.00586,0.85086,0.94706,0.92981,0.68185,0.9523,0.6043,1.48029,0.00479,0.000496,0.000496,0.000496
98,1071.94,0.80202,0.55864,1.30841,0.00633,0.84721,0.94706,0.92804,0.67992,0.95559,0.61308,1.48801,0.0046,0.000397,0.000397,0.000397
99,1081.26,0.81103,0.55438,1.30393,0.00601,0.85395,0.95294,0.93159,0.68644,0.93981,0.60222,1.47898,0.00362,0.000298,0.000298,0.000298
100,1090.75,0.80083,0.55082,1.29363,0.00644,0.86765,0.95294,0.93521,0.69083,0.93318,0.59328,1.4809,0.00353,0.000199,0.000199,0.000199
